data;zona;nome stazione;inquinante;valore
07/01/2025;Nord;via Pascal;C6H6;1.4
07/01/2025;Nord;via Pascal;NO2;28
07/01/2025;Nord;via Pascal;O3;22
07/01/2025;Nord;via Pascal;PM10;40
07/01/2025;Nord;via Pascal;PM25;26
07/01/2025;Nord;via Pascal;SO2;5
07/01/2025;Centro;viale Liguria;NO2;40
07/01/2025;Est;viale Marche;C6H6;1.5
07/01/2025;Est;viale Marche;CO_8h;0.9
07/01/2025;Est;viale Marche;NO2;35
07/01/2025;Est;viale Marche;PM10;44
07/01/2025;Est;viale Marche;PM25;37
07/01/2025;Sud-Ovest;via Senato;C6H6;1.7
07/01/2025;Sud-Ovest;via Senato;CO_8h;0.5
07/01/2025;Sud-Ovest;via Senato;NO2;0
07/01/2025;Sud-Ovest;via Senato;PM10;35
07/01/2025;Sud-Ovest;via Senato;PM25;29
07/01/2025;Centro;Verziere;NO2;45
07/01/2025;Centro;Verziere;O3;18
07/01/2025;Centro;Verziere;PM10;40
08/01/2025;Nord;via Pascal;C6H6;0
08/01/2025;Nord;via Pascal;NO2;27
08/01/2025;Nord;via Pascal;O3;21
08/01/2025;Nord;via Pascal;PM10;24
08/01/2025;Nord;via Pascal;PM25;18
08/01/2025;Nord;via Pascal;SO2;5
08/01/2025;Centro;viale Liguria;NO2;43
08/01/2025;Est;viale Marche;C6H6;1.6
08/01/2025;Est;viale Marche;CO_8h;1
08/01/2025;Est;viale Marche;NO2;46
08/01/2025;Est;viale Marche;PM10;30
08/01/2025;Est;viale Marche;PM25;25
08/01/2025;Sud-Ovest;via Senato;C6H6;2.8
08/01/2025;Sud-Ovest;via Senato;CO_8h;0.6
08/01/2025;Sud-Ovest;via Senato;NO2;0
08/01/2025;Sud-Ovest;via Senato;PM10;28
08/01/2025;Sud-Ovest;via Senato;PM25;21
08/01/2025;Centro;Verziere;NO2;45
08/01/2025;Centro;Verziere;O3;17
08/01/2025;Centro;Verziere;PM10;28
09/01/2025;Nord;via Pascal;C6H6;0
09/01/2025;Nord;via Pascal;NO2;25
09/01/2025;Nord;via Pascal;O3;13
09/01/2025;Nord;via Pascal;PM10;36
09/01/2025;Nord;via Pascal;PM25;26
09/01/2025;Nord;via Pascal;SO2;6
09/01/2025;Centro;viale Liguria;NO2;44
09/01/2025;Est;viale Marche;C6H6;2
09/01/2025;Est;viale Marche;CO_8h;0.8
09/01/2025;Est;viale Marche;NO2;36
09/01/2025;Est;viale Marche;PM10;39
09/01/2025;Est;viale Marche;PM25;32
09/01/2025;Sud-Ovest;via Senato;C6H6;2.8
09/01/2025;Sud-Ovest;via Senato;CO_8h;0.8
09/01/2025;Sud-Ovest;via Senato;NO2;0
09/01/2025;Sud-Ovest;via Senato;PM10;34
09/01/2025;Sud-Ovest;via Senato;PM25;26
09/01/2025;Centro;Verziere;NO2;48
09/01/2025;Centro;Verziere;O3;9
09/01/2025;Centro;Verziere;PM10;36
10/01/2025;Nord;via Pascal;C6H6;2
10/01/2025;Nord;via Pascal;NO2;0
10/01/2025;Nord;via Pascal;O3;4
10/01/2025;Nord;via Pascal;PM10;17
10/01/2025;Nord;via Pascal;PM25;15
10/01/2025;Nord;via Pascal;SO2;2.5
10/01/2025;Centro;viale Liguria;NO2;42
10/01/2025;Est;viale Marche;C6H6;2
10/01/2025;Est;viale Marche;CO_8h;0.8
10/01/2025;Est;viale Marche;NO2;38
10/01/2025;Est;viale Marche;PM10;20
10/01/2025;Est;viale Marche;PM25;16
10/01/2025;Sud-Ovest;via Senato;C6H6;3
10/01/2025;Sud-Ovest;via Senato;CO_8h;0.8
10/01/2025;Sud-Ovest;via Senato;NO2;0
10/01/2025;Sud-Ovest;via Senato;PM10;18
10/01/2025;Sud-Ovest;via Senato;PM25;16
10/01/2025;Centro;Verziere;NO2;49
10/01/2025;Centro;Verziere;O3;3
10/01/2025;Centro;Verziere;PM10;16
13/01/2025;Nord;via Pascal;C6H6;1.8
13/01/2025;Nord;via Pascal;NO2;71
13/01/2025;Nord;via Pascal;O3;48
13/01/2025;Nord;via Pascal;PM10;30
13/01/2025;Nord;via Pascal;PM25;23
13/01/2025;Nord;via Pascal;SO2;2.5
13/01/2025;Centro;viale Liguria;NO2;96
13/01/2025;Est;viale Marche;C6H6;2
13/01/2025;Est;viale Marche;CO_8h;1.7
13/01/2025;Est;viale Marche;NO2;66
13/01/2025;Est;viale Marche;PM10;39
13/01/2025;Est;viale Marche;PM25;25
13/01/2025;Sud-Ovest;via Senato;C6H6;2.2
13/01/2025;Sud-Ovest;via Senato;CO_8h;0.8
13/01/2025;Sud-Ovest;via Senato;NO2;78
13/01/2025;Sud-Ovest;via Senato;PM10;29
13/01/2025;Sud-Ovest;via Senato;PM25;21
13/01/2025;Centro;Verziere;NO2;75
13/01/2025;Centro;Verziere;O3;52
13/01/2025;Centro;Verziere;PM10;27
14/01/2025;Nord;via Pascal;C6H6;2.1
14/01/2025;Nord;via Pascal;NO2;69
14/01/2025;Nord;via Pascal;O3;38
14/01/2025;Nord;via Pascal;PM10;37
14/01/2025;Nord;via Pascal;PM25;26
14/01/2025;Nord;via Pascal;SO2;6
14/01/2025;Centro;viale Liguria;NO2;82
14/01/2025;Est;viale Marche;C6H6;2.5
14/01/2025;Est;viale Marche;CO_8h;1.3
14/01/2025;Est;viale Marche;NO2;68
14/01/2025;Est;viale Marche;PM10;50
14/01/2025;Est;viale Marche;PM25;29
14/01/2025;Sud-Ovest;via Senato;C6H6;2.9
14/01/2025;Sud-Ovest;via Senato;CO_8h;1.1
14/01/2025;Sud-Ovest;via Senato;NO2;88
14/01/2025;Sud-Ovest;via Senato;PM10;39
14/01/2025;Sud-Ovest;via Senato;PM25;27
14/01/2025;Centro;Verziere;NO2;94
14/01/2025;Centro;Verziere;O3;37
14/01/2025;Centro;Verziere;PM10;45
15/01/2025;Nord;via Pascal;C6H6;1.8
15/01/2025;Nord;via Pascal;NO2;72
15/01/2025;Nord;via Pascal;O3;46
15/01/2025;Nord;via Pascal;PM10;36
15/01/2025;Nord;via Pascal;PM25;23
15/01/2025;Nord;via Pascal;SO2;2.5
15/01/2025;Centro;viale Liguria;NO2;87
15/01/2025;Est;viale Marche;C6H6;2
15/01/2025;Est;viale Marche;CO_8h;1.1
15/01/2025;Est;viale Marche;NO2;60
15/01/2025;Est;viale Marche;PM10;49
15/01/2025;Est;viale Marche;PM25;26
15/01/2025;Sud-Ovest;via Senato;C6H6;2.4
15/01/2025;Sud-Ovest;via Senato;CO_8h;0.6
15/01/2025;Sud-Ovest;via Senato;NO2;77
15/01/2025;Sud-Ovest;via Senato;PM10;41
15/01/2025;Sud-Ovest;via Senato;PM25;21
15/01/2025;Centro;Verziere;NO2;75
15/01/2025;Centro;Verziere;O3;39
15/01/2025;Centro;Verziere;PM10;36
16/01/2025;Nord;via Pascal;C6H6;3
16/01/2025;Nord;via Pascal;NO2;73
16/01/2025;Nord;via Pascal;O3;23
16/01/2025;Nord;via Pascal;PM10;58
16/01/2025;Nord;via Pascal;PM25;42
16/01/2025;Nord;via Pascal;SO2;2.5
16/01/2025;Centro;viale Liguria;NO2;86
16/01/2025;Est;viale Marche;C6H6;3.1
16/01/2025;Est;viale Marche;CO_8h;2.2
16/01/2025;Est;viale Marche;NO2;73
16/01/2025;Est;viale Marche;PM10;71
16/01/2025;Est;viale Marche;PM25;46
16/01/2025;Sud-Ovest;via Senato;C6H6;4.1
16/01/2025;Sud-Ovest;via Senato;CO_8h;1
16/01/2025;Sud-Ovest;via Senato;NO2;81
16/01/2025;Sud-Ovest;via Senato;PM10;59
16/01/2025;Sud-Ovest;via Senato;PM25;42
16/01/2025;Centro;Verziere;NO2;97
16/01/2025;Centro;Verziere;O3;21
16/01/2025;Centro;Verziere;PM10;64
17/01/2025;Nord;via Pascal;C6H6;3.5
17/01/2025;Nord;via Pascal;NO2;82
17/01/2025;Nord;via Pascal;O3;42
17/01/2025;Nord;via Pascal;PM10;48
17/01/2025;Nord;via Pascal;PM25;31
17/01/2025;Nord;via Pascal;SO2;7
17/01/2025;Centro;viale Liguria;NO2;109
17/01/2025;Est;viale Marche;C6H6;3.6
17/01/2025;Est;viale Marche;CO_8h;2.6
17/01/2025;Est;viale Marche;NO2;81
17/01/2025;Est;viale Marche;PM10;74
17/01/2025;Est;viale Marche;PM25;42
17/01/2025;Sud-Ovest;via Senato;C6H6;4.6
17/01/2025;Sud-Ovest;via Senato;CO_8h;1.3
17/01/2025;Sud-Ovest;via Senato;NO2;99
17/01/2025;Sud-Ovest;via Senato;PM10;48
17/01/2025;Sud-Ovest;via Senato;PM25;29
17/01/2025;Centro;Verziere;NO2;0
17/01/2025;Centro;Verziere;O3;0
17/01/2025;Centro;Verziere;PM10;52
20/01/2025;Nord;via Pascal;C6H6;2
20/01/2025;Nord;via Pascal;NO2;71
20/01/2025;Nord;via Pascal;O3;36
20/01/2025;Nord;via Pascal;PM10;32
20/01/2025;Nord;via Pascal;PM25;26
20/01/2025;Nord;via Pascal;SO2;2.5
20/01/2025;Centro;viale Liguria;NO2;71
20/01/2025;Est;viale Marche;C6H6;2
20/01/2025;Est;viale Marche;CO_8h;1.9
20/01/2025;Est;viale Marche;NO2;61
20/01/2025;Est;viale Marche;PM10;45
20/01/2025;Est;viale Marche;PM25;33
20/01/2025;Sud-Ovest;via Senato;C6H6;2.6
20/01/2025;Sud-Ovest;via Senato;CO_8h;1.2
20/01/2025;Sud-Ovest;via Senato;NO2;82
20/01/2025;Sud-Ovest;via Senato;PM10;33
20/01/2025;Sud-Ovest;via Senato;PM25;26
20/01/2025;Centro;Verziere;NO2;88
20/01/2025;Centro;Verziere;O3;35
20/01/2025;Centro;Verziere;PM10;36
21/01/2025;Nord;via Pascal;C6H6;1.5
21/01/2025;Nord;via Pascal;NO2;69
21/01/2025;Nord;via Pascal;O3;36
21/01/2025;Nord;via Pascal;PM10;19
21/01/2025;Nord;via Pascal;PM25;14
21/01/2025;Nord;via Pascal;SO2;2.5
21/01/2025;Centro;viale Liguria;NO2;73
21/01/2025;Est;viale Marche;C6H6;1.9
21/01/2025;Est;viale Marche;CO_8h;1.4
21/01/2025;Est;viale Marche;NO2;57
21/01/2025;Est;viale Marche;PM10;23
21/01/2025;Est;viale Marche;PM25;18
21/01/2025;Sud-Ovest;via Senato;C6H6;2.1
21/01/2025;Sud-Ovest;via Senato;CO_8h;0.6
21/01/2025;Sud-Ovest;via Senato;NO2;85
21/01/2025;Sud-Ovest;via Senato;PM10;18
21/01/2025;Sud-Ovest;via Senato;PM25;15
21/01/2025;Centro;Verziere;NO2;84
21/01/2025;Centro;Verziere;O3;36
21/01/2025;Centro;Verziere;PM10;21
22/01/2025;Nord;via Pascal;C6H6;1.3
22/01/2025;Nord;via Pascal;NO2;55
22/01/2025;Nord;via Pascal;O3;40
22/01/2025;Nord;via Pascal;PM10;26
22/01/2025;Nord;via Pascal;PM25;20
22/01/2025;Nord;via Pascal;SO2;2.5
22/01/2025;Centro;viale Liguria;NO2;62
22/01/2025;Est;viale Marche;C6H6;1.2
22/01/2025;Est;viale Marche;CO_8h;1.3
22/01/2025;Est;viale Marche;NO2;44
22/01/2025;Est;viale Marche;PM10;28
22/01/2025;Est;viale Marche;PM25;22
22/01/2025;Sud-Ovest;via Senato;C6H6;1.9
22/01/2025;Sud-Ovest;via Senato;CO_8h;0.6
22/01/2025;Sud-Ovest;via Senato;NO2;52
22/01/2025;Sud-Ovest;via Senato;PM10;29
22/01/2025;Sud-Ovest;via Senato;PM25;19
22/01/2025;Centro;Verziere;NO2;56
22/01/2025;Centro;Verziere;O3;35
22/01/2025;Centro;Verziere;PM10;28
23/01/2025;Nord;via Pascal;C6H6;1.4
23/01/2025;Nord;via Pascal;NO2;45
23/01/2025;Nord;via Pascal;O3;43
23/01/2025;Nord;via Pascal;PM10;26
23/01/2025;Nord;via Pascal;PM25;20
23/01/2025;Nord;via Pascal;SO2;2.5
23/01/2025;Centro;viale Liguria;NO2;52
23/01/2025;Est;viale Marche;C6H6;1.8
23/01/2025;Est;viale Marche;CO_8h;1.5
23/01/2025;Est;viale Marche;NO2;39
23/01/2025;Est;viale Marche;PM10;35
23/01/2025;Est;viale Marche;PM25;26
23/01/2025;Sud-Ovest;via Senato;C6H6;2.2
23/01/2025;Sud-Ovest;via Senato;CO_8h;0.6
23/01/2025;Sud-Ovest;via Senato;NO2;52
23/01/2025;Sud-Ovest;via Senato;PM10;27
23/01/2025;Sud-Ovest;via Senato;PM25;21
23/01/2025;Centro;Verziere;NO2;60
23/01/2025;Centro;Verziere;O3;34
23/01/2025;Centro;Verziere;PM10;26
24/01/2025;Nord;via Pascal;C6H6;1.4
24/01/2025;Nord;via Pascal;NO2;49
24/01/2025;Nord;via Pascal;O3;39
24/01/2025;Nord;via Pascal;PM10;20
24/01/2025;Nord;via Pascal;PM25;15
24/01/2025;Nord;via Pascal;SO2;2.5
24/01/2025;Centro;viale Liguria;NO2;62
24/01/2025;Est;viale Marche;C6H6;1.5
24/01/2025;Est;viale Marche;CO_8h;1.5
24/01/2025;Est;viale Marche;NO2;50
24/01/2025;Est;viale Marche;PM10;24
24/01/2025;Est;viale Marche;PM25;17
24/01/2025;Sud-Ovest;via Senato;C6H6;2
24/01/2025;Sud-Ovest;via Senato;CO_8h;0.6
24/01/2025;Sud-Ovest;via Senato;NO2;56
24/01/2025;Sud-Ovest;via Senato;PM10;21
24/01/2025;Sud-Ovest;via Senato;PM25;16
24/01/2025;Centro;Verziere;NO2;61
24/01/2025;Centro;Verziere;O3;24
24/01/2025;Centro;Verziere;PM10;19
27/01/2025;Nord;via Pascal;C6H6;1.5
27/01/2025;Nord;via Pascal;NO2;38
27/01/2025;Nord;via Pascal;O3;21
27/01/2025;Nord;via Pascal;PM10;14
27/01/2025;Nord;via Pascal;PM25;10
27/01/2025;Nord;via Pascal;SO2;2.5
27/01/2025;Centro;viale Liguria;NO2;45
27/01/2025;Est;viale Marche;C6H6;1.5
27/01/2025;Est;viale Marche;CO_8h;1.7
27/01/2025;Est;viale Marche;NO2;37
27/01/2025;Est;viale Marche;PM10;19
27/01/2025;Est;viale Marche;PM25;11
27/01/2025;Sud-Ovest;via Senato;C6H6;1.9
27/01/2025;Sud-Ovest;via Senato;CO_8h;0.7
27/01/2025;Sud-Ovest;via Senato;NO2;47
27/01/2025;Sud-Ovest;via Senato;PM10;12
27/01/2025;Sud-Ovest;via Senato;PM25;8
27/01/2025;Centro;Verziere;NO2;55
27/01/2025;Centro;Verziere;O3;17
27/01/2025;Centro;Verziere;PM10;11
28/01/2025;Nord;via Pascal;C6H6;1.5
28/01/2025;Nord;via Pascal;NO2;48
28/01/2025;Nord;via Pascal;O3;11
28/01/2025;Nord;via Pascal;PM10;12
28/01/2025;Nord;via Pascal;PM25;10
28/01/2025;Nord;via Pascal;SO2;2.5
28/01/2025;Centro;viale Liguria;NO2;53
28/01/2025;Est;viale Marche;C6H6;1.7
28/01/2025;Est;viale Marche;CO_8h;1.7
28/01/2025;Est;viale Marche;NO2;45
28/01/2025;Est;viale Marche;PM10;15
28/01/2025;Est;viale Marche;PM25;13
28/01/2025;Sud-Ovest;via Senato;C6H6;1.9
28/01/2025;Sud-Ovest;via Senato;CO_8h;0.6
28/01/2025;Sud-Ovest;via Senato;NO2;52
28/01/2025;Sud-Ovest;via Senato;PM10;18
28/01/2025;Sud-Ovest;via Senato;PM25;12
28/01/2025;Centro;Verziere;NO2;59
28/01/2025;Centro;Verziere;O3;12
28/01/2025;Centro;Verziere;PM10;12
29/01/2025;Nord;via Pascal;C6H6;1.6
29/01/2025;Nord;via Pascal;NO2;59
29/01/2025;Nord;via Pascal;O3;24
29/01/2025;Nord;via Pascal;PM10;17
29/01/2025;Nord;via Pascal;PM25;12
29/01/2025;Nord;via Pascal;SO2;2.5
29/01/2025;Centro;viale Liguria;NO2;64
29/01/2025;Est;viale Marche;C6H6;1.6
29/01/2025;Est;viale Marche;CO_8h;1.9
29/01/2025;Est;viale Marche;NO2;46
29/01/2025;Est;viale Marche;PM10;16
29/01/2025;Est;viale Marche;PM25;11
29/01/2025;Sud-Ovest;via Senato;C6H6;2.2
29/01/2025;Sud-Ovest;via Senato;CO_8h;0.8
29/01/2025;Sud-Ovest;via Senato;NO2;61
29/01/2025;Sud-Ovest;via Senato;PM10;16
29/01/2025;Sud-Ovest;via Senato;PM25;11
29/01/2025;Centro;Verziere;NO2;79
29/01/2025;Centro;Verziere;O3;18
29/01/2025;Centro;Verziere;PM10;12
07/02/2025;Nord;via Pascal;C6H6;3.3
07/02/2025;Nord;via Pascal;NO2;74
07/02/2025;Nord;via Pascal;O3;49
07/02/2025;Nord;via Pascal;PM10;51
07/02/2025;Nord;via Pascal;PM25;37
07/02/2025;Nord;via Pascal;SO2;5
07/02/2025;Centro;viale Liguria;NO2;78
07/02/2025;Est;viale Marche;C6H6;3.2
07/02/2025;Est;viale Marche;CO_8h;0
07/02/2025;Est;viale Marche;NO2;72
07/02/2025;Est;viale Marche;PM10;81
07/02/2025;Est;viale Marche;PM25;53
07/02/2025;Sud-Ovest;via Senato;C6H6;4.8
07/02/2025;Sud-Ovest;via Senato;CO_8h;1.7
07/02/2025;Sud-Ovest;via Senato;NO2;87
07/02/2025;Sud-Ovest;via Senato;PM10;58
07/02/2025;Sud-Ovest;via Senato;PM25;46
07/02/2025;Centro;Verziere;NO2;92
07/02/2025;Centro;Verziere;O3;43
07/02/2025;Centro;Verziere;PM10;64
10/02/2025;Nord;via Pascal;C6H6;1.2
10/02/2025;Nord;via Pascal;NO2;50
10/02/2025;Nord;via Pascal;O3;49
10/02/2025;Nord;via Pascal;PM10;18
10/02/2025;Nord;via Pascal;PM25;15
10/02/2025;Nord;via Pascal;SO2;2.5
10/02/2025;Centro;viale Liguria;NO2;45
10/02/2025;Est;viale Marche;C6H6;1.2
10/02/2025;Est;viale Marche;CO_8h;0
10/02/2025;Est;viale Marche;NO2;51
10/02/2025;Est;viale Marche;PM10;20
10/02/2025;Est;viale Marche;PM25;18
10/02/2025;Sud-Ovest;via Senato;C6H6;1.5
10/02/2025;Sud-Ovest;via Senato;CO_8h;0.6
10/02/2025;Sud-Ovest;via Senato;NO2;52
10/02/2025;Sud-Ovest;via Senato;PM10;16
10/02/2025;Sud-Ovest;via Senato;PM25;17
10/02/2025;Centro;Verziere;NO2;59
10/02/2025;Centro;Verziere;O3;46
10/02/2025;Centro;Verziere;PM10;16
11/02/2025;Nord;via Pascal;C6H6;1.6
11/02/2025;Nord;via Pascal;NO2;55
11/02/2025;Nord;via Pascal;O3;30
11/02/2025;Nord;via Pascal;PM10;26
11/02/2025;Nord;via Pascal;PM25;20
11/02/2025;Nord;via Pascal;SO2;2.5
11/02/2025;Centro;viale Liguria;NO2;57
11/02/2025;Est;viale Marche;C6H6;1.5
11/02/2025;Est;viale Marche;CO_8h;
11/02/2025;Est;viale Marche;NO2;48
11/02/2025;Est;viale Marche;PM10;31
11/02/2025;Est;viale Marche;PM25;26
11/02/2025;Sud-Ovest;via Senato;C6H6;2.1
11/02/2025;Sud-Ovest;via Senato;CO_8h;0.6
11/02/2025;Sud-Ovest;via Senato;NO2;45
11/02/2025;Sud-Ovest;via Senato;PM10;26
11/02/2025;Sud-Ovest;via Senato;PM25;21
11/02/2025;Centro;Verziere;NO2;59
11/02/2025;Centro;Verziere;O3;32
11/02/2025;Centro;Verziere;PM10;25
12/02/2025;Nord;via Pascal;C6H6;1.6
12/02/2025;Nord;via Pascal;NO2;58
12/02/2025;Nord;via Pascal;O3;29
12/02/2025;Nord;via Pascal;PM10;29
12/02/2025;Nord;via Pascal;PM25;20
12/02/2025;Nord;via Pascal;SO2;2.5
12/02/2025;Centro;viale Liguria;NO2;68
12/02/2025;Est;viale Marche;C6H6;2
12/02/2025;Est;viale Marche;CO_8h;0
12/02/2025;Est;viale Marche;NO2;55
12/02/2025;Est;viale Marche;PM10;41
12/02/2025;Est;viale Marche;PM25;30
12/02/2025;Sud-Ovest;via Senato;C6H6;2.3
12/02/2025;Sud-Ovest;via Senato;CO_8h;0.6
12/02/2025;Sud-Ovest;via Senato;NO2;59
12/02/2025;Sud-Ovest;via Senato;PM10;29
12/02/2025;Sud-Ovest;via Senato;PM25;23
12/02/2025;Centro;Verziere;NO2;70
12/02/2025;Centro;Verziere;O3;25
12/02/2025;Centro;Verziere;PM10;28
13/02/2025;Nord;via Pascal;C6H6;1.6
13/02/2025;Nord;via Pascal;NO2;40
13/02/2025;Nord;via Pascal;O3;36
13/02/2025;Nord;via Pascal;PM10;29
13/02/2025;Nord;via Pascal;PM25;21
13/02/2025;Nord;via Pascal;SO2;2.5
13/02/2025;Centro;viale Liguria;NO2;49
13/02/2025;Est;viale Marche;C6H6;1.9
13/02/2025;Est;viale Marche;CO_8h;
13/02/2025;Est;viale Marche;NO2;43
13/02/2025;Est;viale Marche;PM10;31
13/02/2025;Est;viale Marche;PM25;24
13/02/2025;Sud-Ovest;via Senato;C6H6;2.2
13/02/2025;Sud-Ovest;via Senato;CO_8h;0.5
13/02/2025;Sud-Ovest;via Senato;NO2;39
13/02/2025;Sud-Ovest;via Senato;PM10;25
13/02/2025;Sud-Ovest;via Senato;PM25;23
13/02/2025;Centro;Verziere;NO2;55
13/02/2025;Centro;Verziere;O3;35
13/02/2025;Centro;Verziere;PM10;26
14/02/2025;Nord;via Pascal;C6H6;1.7
14/02/2025;Nord;via Pascal;NO2;50
14/02/2025;Nord;via Pascal;O3;11
14/02/2025;Nord;via Pascal;PM10;43
14/02/2025;Nord;via Pascal;PM25;29
14/02/2025;Nord;via Pascal;SO2;2.5
14/02/2025;Centro;viale Liguria;NO2;49
14/02/2025;Est;viale Marche;C6H6;2.1
14/02/2025;Est;viale Marche;CO_8h;
14/02/2025;Est;viale Marche;NO2;44
14/02/2025;Est;viale Marche;PM10;53
14/02/2025;Est;viale Marche;PM25;37
14/02/2025;Sud-Ovest;via Senato;C6H6;2.9
14/02/2025;Sud-Ovest;via Senato;CO_8h;0.7
14/02/2025;Sud-Ovest;via Senato;NO2;45
14/02/2025;Sud-Ovest;via Senato;PM10;43
14/02/2025;Sud-Ovest;via Senato;PM25;33
14/02/2025;Centro;Verziere;NO2;57
14/02/2025;Centro;Verziere;O3;15
14/02/2025;Centro;Verziere;PM10;45
17/02/2025;Nord;via Pascal;C6H6;1.5
17/02/2025;Nord;via Pascal;NO2;51
17/02/2025;Nord;via Pascal;O3;58
17/02/2025;Nord;via Pascal;PM10;32
17/02/2025;Nord;via Pascal;PM25;25
17/02/2025;Nord;via Pascal;SO2;2.5
17/02/2025;Centro;viale Liguria;NO2;53
17/02/2025;Est;viale Marche;C6H6;1.6
17/02/2025;Est;viale Marche;CO_8h;0.7
17/02/2025;Est;viale Marche;NO2;49
17/02/2025;Est;viale Marche;PM10;45
17/02/2025;Est;viale Marche;PM25;30
17/02/2025;Sud-Ovest;via Senato;C6H6;1.6
17/02/2025;Sud-Ovest;via Senato;CO_8h;0.5
17/02/2025;Sud-Ovest;via Senato;NO2;35
17/02/2025;Sud-Ovest;via Senato;PM10;33
17/02/2025;Sud-Ovest;via Senato;PM25;28
17/02/2025;Centro;Verziere;NO2;51
17/02/2025;Centro;Verziere;O3;54
17/02/2025;Centro;Verziere;PM10;33
18/02/2025;Nord;via Pascal;C6H6;1.4
18/02/2025;Nord;via Pascal;NO2;36
18/02/2025;Nord;via Pascal;O3;44
18/02/2025;Nord;via Pascal;PM10;28
18/02/2025;Nord;via Pascal;PM25;21
18/02/2025;Nord;via Pascal;SO2;2.5
18/02/2025;Centro;viale Liguria;NO2;50
18/02/2025;Est;viale Marche;C6H6;1.7
18/02/2025;Est;viale Marche;CO_8h;0.5
18/02/2025;Est;viale Marche;NO2;50
18/02/2025;Est;viale Marche;PM10;41
18/02/2025;Est;viale Marche;PM25;25
18/02/2025;Sud-Ovest;via Senato;C6H6;1.6
18/02/2025;Sud-Ovest;via Senato;CO_8h;0.25
18/02/2025;Sud-Ovest;via Senato;NO2;30
18/02/2025;Sud-Ovest;via Senato;PM10;31
18/02/2025;Sud-Ovest;via Senato;PM25;22
18/02/2025;Centro;Verziere;NO2;50
18/02/2025;Centro;Verziere;O3;55
18/02/2025;Centro;Verziere;PM10;32
19/02/2025;Nord;via Pascal;C6H6;1.2
19/02/2025;Nord;via Pascal;NO2;57
19/02/2025;Nord;via Pascal;O3;70
19/02/2025;Nord;via Pascal;PM10;30
19/02/2025;Nord;via Pascal;PM25;24
19/02/2025;Nord;via Pascal;SO2;2.5
19/02/2025;Centro;viale Liguria;NO2;60
19/02/2025;Est;viale Marche;C6H6;1.3
19/02/2025;Est;viale Marche;CO_8h;0.5
19/02/2025;Est;viale Marche;NO2;49
19/02/2025;Est;viale Marche;PM10;43
19/02/2025;Est;viale Marche;PM25;28
19/02/2025;Sud-Ovest;via Senato;C6H6;1.4
19/02/2025;Sud-Ovest;via Senato;CO_8h;0.25
19/02/2025;Sud-Ovest;via Senato;NO2;45
19/02/2025;Sud-Ovest;via Senato;PM10;34
19/02/2025;Sud-Ovest;via Senato;PM25;25
19/02/2025;Centro;Verziere;NO2;64
19/02/2025;Centro;Verziere;O3;62
19/02/2025;Centro;Verziere;PM10;35
20/02/2025;Nord;via Pascal;C6H6;1.1
20/02/2025;Nord;via Pascal;NO2;34
20/02/2025;Nord;via Pascal;O3;63
20/02/2025;Nord;via Pascal;PM10;27
20/02/2025;Nord;via Pascal;PM25;18
20/02/2025;Nord;via Pascal;SO2;2.5
20/02/2025;Centro;viale Liguria;NO2;44
20/02/2025;Est;viale Marche;C6H6;1.4
20/02/2025;Est;viale Marche;CO_8h;0.5
20/02/2025;Est;viale Marche;NO2;53
20/02/2025;Est;viale Marche;PM10;37
20/02/2025;Est;viale Marche;PM25;22
20/02/2025;Sud-Ovest;via Senato;C6H6;1.4
20/02/2025;Sud-Ovest;via Senato;CO_8h;0.25
20/02/2025;Sud-Ovest;via Senato;NO2;33
20/02/2025;Sud-Ovest;via Senato;PM10;29
20/02/2025;Sud-Ovest;via Senato;PM25;21
20/02/2025;Centro;Verziere;NO2;47
20/02/2025;Centro;Verziere;O3;61
20/02/2025;Centro;Verziere;PM10;33
21/02/2025;Nord;via Pascal;C6H6;1.5
21/02/2025;Nord;via Pascal;NO2;74
21/02/2025;Nord;via Pascal;O3;49
21/02/2025;Nord;via Pascal;PM10;48
21/02/2025;Nord;via Pascal;PM25;35
21/02/2025;Nord;via Pascal;SO2;2.5
21/02/2025;Centro;viale Liguria;NO2;82
21/02/2025;Est;viale Marche;C6H6;1.6
21/02/2025;Est;viale Marche;CO_8h;0.8
21/02/2025;Est;viale Marche;NO2;63
21/02/2025;Est;viale Marche;PM10;61
21/02/2025;Est;viale Marche;PM25;40
21/02/2025;Sud-Ovest;via Senato;C6H6;2.2
21/02/2025;Sud-Ovest;via Senato;CO_8h;0.6
21/02/2025;Sud-Ovest;via Senato;NO2;55
21/02/2025;Sud-Ovest;via Senato;PM10;49
21/02/2025;Sud-Ovest;via Senato;PM25;39
21/02/2025;Centro;Verziere;NO2;72
21/02/2025;Centro;Verziere;O3;52
21/02/2025;Centro;Verziere;PM10;50
24/02/2025;Nord;via Pascal;C6H6;2.1
24/02/2025;Nord;via Pascal;NO2;59
24/02/2025;Nord;via Pascal;O3;36
24/02/2025;Nord;via Pascal;PM10;80
24/02/2025;Nord;via Pascal;PM25;61
24/02/2025;Nord;via Pascal;SO2;2.5
24/02/2025;Centro;viale Liguria;NO2;55
24/02/2025;Est;viale Marche;C6H6;2
24/02/2025;Est;viale Marche;CO_8h;0.9
24/02/2025;Est;viale Marche;NO2;49
24/02/2025;Est;viale Marche;PM10;95
24/02/2025;Est;viale Marche;PM25;72
24/02/2025;Sud-Ovest;via Senato;C6H6;2.9
24/02/2025;Sud-Ovest;via Senato;CO_8h;0.6
24/02/2025;Sud-Ovest;via Senato;NO2;44
24/02/2025;Sud-Ovest;via Senato;PM10;81
24/02/2025;Sud-Ovest;via Senato;PM25;66
24/02/2025;Centro;Verziere;NO2;55
24/02/2025;Centro;Verziere;O3;36
24/02/2025;Centro;Verziere;PM10;90
25/02/2025;Nord;via Pascal;C6H6;2.2
25/02/2025;Nord;via Pascal;NO2;56
25/02/2025;Nord;via Pascal;O3;31
25/02/2025;Nord;via Pascal;PM10;94
25/02/2025;Nord;via Pascal;PM25;70
25/02/2025;Nord;via Pascal;SO2;2.5
25/02/2025;Centro;viale Liguria;NO2;61
25/02/2025;Est;viale Marche;C6H6;2.2
25/02/2025;Est;viale Marche;CO_8h;1
25/02/2025;Est;viale Marche;NO2;52
25/02/2025;Est;viale Marche;PM10;115
25/02/2025;Est;viale Marche;PM25;78
25/02/2025;Sud-Ovest;via Senato;C6H6;3.1
25/02/2025;Sud-Ovest;via Senato;CO_8h;0.7
25/02/2025;Sud-Ovest;via Senato;NO2;51
25/02/2025;Sud-Ovest;via Senato;PM10;99
25/02/2025;Sud-Ovest;via Senato;PM25;83
25/02/2025;Centro;Verziere;NO2;64
25/02/2025;Centro;Verziere;O3;29
25/02/2025;Centro;Verziere;PM10;110
26/02/2025;Nord;via Pascal;C6H6;2.1
26/02/2025;Nord;via Pascal;NO2;53
26/02/2025;Nord;via Pascal;O3;42
26/02/2025;Nord;via Pascal;PM10;78
26/02/2025;Nord;via Pascal;PM25;60
26/02/2025;Nord;via Pascal;SO2;2.5
26/02/2025;Centro;viale Liguria;NO2;60
26/02/2025;Est;viale Marche;C6H6;2.1
26/02/2025;Est;viale Marche;CO_8h;1.1
26/02/2025;Est;viale Marche;NO2;48
26/02/2025;Est;viale Marche;PM10;72
26/02/2025;Est;viale Marche;PM25;67
26/02/2025;Sud-Ovest;via Senato;C6H6;2.9
26/02/2025;Sud-Ovest;via Senato;CO_8h;0.7
26/02/2025;Sud-Ovest;via Senato;NO2;50
26/02/2025;Sud-Ovest;via Senato;PM10;86
26/02/2025;Sud-Ovest;via Senato;PM25;74
26/02/2025;Centro;Verziere;NO2;64
26/02/2025;Centro;Verziere;O3;39
26/02/2025;Centro;Verziere;PM10;98
27/02/2025;Nord;via Pascal;C6H6;1.4
27/02/2025;Nord;via Pascal;NO2;46
27/02/2025;Nord;via Pascal;O3;52
27/02/2025;Nord;via Pascal;PM10;32
27/02/2025;Nord;via Pascal;PM25;25
27/02/2025;Nord;via Pascal;SO2;2.5
27/02/2025;Centro;viale Liguria;NO2;61
27/02/2025;Est;viale Marche;C6H6;1.7
27/02/2025;Est;viale Marche;CO_8h;1
27/02/2025;Est;viale Marche;NO2;67
27/02/2025;Est;viale Marche;PM10;35
27/02/2025;Est;viale Marche;PM25;28
27/02/2025;Sud-Ovest;via Senato;C6H6;1.9
27/02/2025;Sud-Ovest;via Senato;CO_8h;0.5
27/02/2025;Sud-Ovest;via Senato;NO2;44
27/02/2025;Sud-Ovest;via Senato;PM10;35
27/02/2025;Sud-Ovest;via Senato;PM25;28
27/02/2025;Centro;Verziere;NO2;47
27/02/2025;Centro;Verziere;O3;52
27/02/2025;Centro;Verziere;PM10;35
28/02/2025;Nord;via Pascal;C6H6;1.2
28/02/2025;Nord;via Pascal;NO2;60
28/02/2025;Nord;via Pascal;O3;61
28/02/2025;Nord;via Pascal;PM10;30
28/02/2025;Nord;via Pascal;PM25;21
28/02/2025;Nord;via Pascal;SO2;2.5
28/02/2025;Centro;viale Liguria;NO2;63
28/02/2025;Est;viale Marche;C6H6;1.8
28/02/2025;Est;viale Marche;CO_8h;1
28/02/2025;Est;viale Marche;NO2;69
28/02/2025;Est;viale Marche;PM10;45
28/02/2025;Est;viale Marche;PM25;30
28/02/2025;Sud-Ovest;via Senato;C6H6;1.9
28/02/2025;Sud-Ovest;via Senato;CO_8h;0.6
28/02/2025;Sud-Ovest;via Senato;NO2;54
28/02/2025;Sud-Ovest;via Senato;PM10;34
28/02/2025;Sud-Ovest;via Senato;PM25;24
28/02/2025;Centro;Verziere;NO2;69
28/02/2025;Centro;Verziere;O3;59
28/02/2025;Centro;Verziere;PM10;32
03/03/2025;Nord;via Pascal;C6H6;1
03/03/2025;Nord;via Pascal;NO2;66
03/03/2025;Nord;via Pascal;O3;73
03/03/2025;Nord;via Pascal;PM10;22
03/03/2025;Nord;via Pascal;PM25;17
03/03/2025;Nord;via Pascal;SO2;2.5
03/03/2025;Centro;viale Liguria;NO2;76
03/03/2025;Est;viale Marche;C6H6;1.5
03/03/2025;Est;viale Marche;CO_8h;0.9
03/03/2025;Est;viale Marche;NO2;72
03/03/2025;Est;viale Marche;PM10;31
03/03/2025;Est;viale Marche;PM25;19
03/03/2025;Sud-Ovest;via Senato;C6H6;1
03/03/2025;Sud-Ovest;via Senato;CO_8h;0.25
03/03/2025;Sud-Ovest;via Senato;NO2;38
03/03/2025;Sud-Ovest;via Senato;PM10;19
03/03/2025;Sud-Ovest;via Senato;PM25;17
03/03/2025;Centro;Verziere;NO2;40
03/03/2025;Centro;Verziere;O3;75
03/03/2025;Centro;Verziere;PM10;19
04/03/2025;Nord;via Pascal;C6H6;1.6
04/03/2025;Nord;via Pascal;NO2;78
04/03/2025;Nord;via Pascal;O3;70
04/03/2025;Nord;via Pascal;PM10;38
04/03/2025;Nord;via Pascal;PM25;27
04/03/2025;Nord;via Pascal;SO2;2.5
04/03/2025;Centro;viale Liguria;NO2;97
04/03/2025;Est;viale Marche;C6H6;2.1
04/03/2025;Est;viale Marche;CO_8h;1.2
04/03/2025;Est;viale Marche;NO2;88
04/03/2025;Est;viale Marche;PM10;45
04/03/2025;Est;viale Marche;PM25;28
04/03/2025;Sud-Ovest;via Senato;C6H6;2.3
04/03/2025;Sud-Ovest;via Senato;CO_8h;0.8
04/03/2025;Sud-Ovest;via Senato;NO2;95
04/03/2025;Sud-Ovest;via Senato;PM10;37
04/03/2025;Sud-Ovest;via Senato;PM25;30
04/03/2025;Centro;Verziere;NO2;75
04/03/2025;Centro;Verziere;O3;75
04/03/2025;Centro;Verziere;PM10;35
05/03/2025;Nord;via Pascal;C6H6;3.6
05/03/2025;Nord;via Pascal;NO2;115
05/03/2025;Nord;via Pascal;O3;77
05/03/2025;Nord;via Pascal;PM10;55
05/03/2025;Nord;via Pascal;PM25;35
05/03/2025;Nord;via Pascal;SO2;6
05/03/2025;Centro;viale Liguria;NO2;108
05/03/2025;Est;viale Marche;C6H6;2.8
05/03/2025;Est;viale Marche;CO_8h;1.8
05/03/2025;Est;viale Marche;NO2;106
05/03/2025;Est;viale Marche;PM10;66
05/03/2025;Est;viale Marche;PM25;39
05/03/2025;Sud-Ovest;via Senato;C6H6;3.1
05/03/2025;Sud-Ovest;via Senato;CO_8h;0.8
05/03/2025;Sud-Ovest;via Senato;NO2;83
05/03/2025;Sud-Ovest;via Senato;PM10;53
05/03/2025;Sud-Ovest;via Senato;PM25;37
05/03/2025;Centro;Verziere;NO2;94
05/03/2025;Centro;Verziere;O3;82
05/03/2025;Centro;Verziere;PM10;52
06/03/2025;Nord;via Pascal;C6H6;3.2
06/03/2025;Nord;via Pascal;NO2;131
06/03/2025;Nord;via Pascal;O3;86
06/03/2025;Nord;via Pascal;PM10;55
06/03/2025;Nord;via Pascal;PM25;35
06/03/2025;Nord;via Pascal;SO2;6
06/03/2025;Centro;viale Liguria;NO2;105
06/03/2025;Est;viale Marche;C6H6;3.5
06/03/2025;Est;viale Marche;CO_8h;2
06/03/2025;Est;viale Marche;NO2;107
06/03/2025;Est;viale Marche;PM10;74
06/03/2025;Est;viale Marche;PM25;43
06/03/2025;Sud-Ovest;via Senato;C6H6;3.9
06/03/2025;Sud-Ovest;via Senato;CO_8h;1.1
06/03/2025;Sud-Ovest;via Senato;NO2;84
06/03/2025;Sud-Ovest;via Senato;PM10;59
06/03/2025;Sud-Ovest;via Senato;PM25;38
06/03/2025;Centro;Verziere;NO2;100
06/03/2025;Centro;Verziere;O3;89
06/03/2025;Centro;Verziere;PM10;59
07/03/2025;Nord;via Pascal;C6H6;2.8
07/03/2025;Nord;via Pascal;NO2;109
07/03/2025;Nord;via Pascal;O3;88
07/03/2025;Nord;via Pascal;PM10;45
07/03/2025;Nord;via Pascal;PM25;29
07/03/2025;Nord;via Pascal;SO2;17
07/03/2025;Centro;viale Liguria;NO2;109
07/03/2025;Est;viale Marche;C6H6;2.7
07/03/2025;Est;viale Marche;CO_8h;1.7
07/03/2025;Est;viale Marche;NO2;104
07/03/2025;Est;viale Marche;PM10;66
07/03/2025;Est;viale Marche;PM25;34
07/03/2025;Sud-Ovest;via Senato;C6H6;2.7
07/03/2025;Sud-Ovest;via Senato;CO_8h;0.7
07/03/2025;Sud-Ovest;via Senato;NO2;78
07/03/2025;Sud-Ovest;via Senato;PM10;48
07/03/2025;Sud-Ovest;via Senato;PM25;29
07/03/2025;Centro;Verziere;NO2;92
07/03/2025;Centro;Verziere;O3;91
07/03/2025;Centro;Verziere;PM10;46
10/03/2025;Nord;via Pascal;C6H6;1.6
10/03/2025;Nord;via Pascal;NO2;90
10/03/2025;Nord;via Pascal;O3;81
10/03/2025;Nord;via Pascal;PM10;52
10/03/2025;Nord;via Pascal;PM25;38
10/03/2025;Nord;via Pascal;SO2;20
10/03/2025;Centro;viale Liguria;NO2;102
10/03/2025;Est;viale Marche;C6H6;2.1
10/03/2025;Est;viale Marche;CO_8h;1.7
10/03/2025;Est;viale Marche;NO2;96
10/03/2025;Est;viale Marche;PM10;67
10/03/2025;Est;viale Marche;PM25;42
10/03/2025;Sud-Ovest;via Senato;C6H6;2.1
10/03/2025;Sud-Ovest;via Senato;CO_8h;0.6
10/03/2025;Sud-Ovest;via Senato;NO2;65
10/03/2025;Sud-Ovest;via Senato;PM10;53
10/03/2025;Sud-Ovest;via Senato;PM25;41
10/03/2025;Centro;Verziere;NO2;83
10/03/2025;Centro;Verziere;O3;84
10/03/2025;Centro;Verziere;PM10;56
11/03/2025;Nord;via Pascal;C6H6;1.1
11/03/2025;Nord;via Pascal;NO2;72
11/03/2025;Nord;via Pascal;O3;76
11/03/2025;Nord;via Pascal;PM10;23
11/03/2025;Nord;via Pascal;PM25;15
11/03/2025;Nord;via Pascal;SO2;2.5
11/03/2025;Centro;viale Liguria;NO2;66
11/03/2025;Est;viale Marche;C6H6;1.4
11/03/2025;Est;viale Marche;CO_8h;1.2
11/03/2025;Est;viale Marche;NO2;75
11/03/2025;Est;viale Marche;PM10;31
11/03/2025;Est;viale Marche;PM25;24
11/03/2025;Sud-Ovest;via Senato;C6H6;1.3
11/03/2025;Sud-Ovest;via Senato;CO_8h;0.5
11/03/2025;Sud-Ovest;via Senato;NO2;57
11/03/2025;Sud-Ovest;via Senato;PM10;24
11/03/2025;Sud-Ovest;via Senato;PM25;17
11/03/2025;Centro;Verziere;NO2;54
11/03/2025;Centro;Verziere;O3;74
11/03/2025;Centro;Verziere;PM10;26
12/03/2025;Nord;via Pascal;C6H6;1.1
12/03/2025;Nord;via Pascal;NO2;60
12/03/2025;Nord;via Pascal;O3;52
12/03/2025;Nord;via Pascal;PM10;23
12/03/2025;Nord;via Pascal;PM25;18
12/03/2025;Nord;via Pascal;SO2;2.5
12/03/2025;Centro;viale Liguria;NO2;68
12/03/2025;Est;viale Marche;C6H6;1.6
12/03/2025;Est;viale Marche;CO_8h;1.2
12/03/2025;Est;viale Marche;NO2;64
12/03/2025;Est;viale Marche;PM10;33
12/03/2025;Est;viale Marche;PM25;21
12/03/2025;Sud-Ovest;via Senato;C6H6;1.5
12/03/2025;Sud-Ovest;via Senato;CO_8h;0.6
12/03/2025;Sud-Ovest;via Senato;NO2;48
12/03/2025;Sud-Ovest;via Senato;PM10;25
12/03/2025;Sud-Ovest;via Senato;PM25;20
12/03/2025;Centro;Verziere;NO2;52
12/03/2025;Centro;Verziere;O3;52
12/03/2025;Centro;Verziere;PM10;23
13/03/2025;Nord;via Pascal;C6H6;0.5
13/03/2025;Nord;via Pascal;NO2;45
13/03/2025;Nord;via Pascal;O3;59
13/03/2025;Nord;via Pascal;PM10;12
13/03/2025;Nord;via Pascal;PM25;9
13/03/2025;Nord;via Pascal;SO2;2.5
13/03/2025;Centro;viale Liguria;NO2;50
13/03/2025;Est;viale Marche;C6H6;1.2
13/03/2025;Est;viale Marche;CO_8h;0.8
13/03/2025;Est;viale Marche;NO2;53
13/03/2025;Est;viale Marche;PM10;21
13/03/2025;Est;viale Marche;PM25;15
13/03/2025;Sud-Ovest;via Senato;C6H6;1.1
13/03/2025;Sud-Ovest;via Senato;CO_8h;0.25
13/03/2025;Sud-Ovest;via Senato;NO2;39
13/03/2025;Sud-Ovest;via Senato;PM10;14
13/03/2025;Sud-Ovest;via Senato;PM25;11
13/03/2025;Centro;Verziere;NO2;42
13/03/2025;Centro;Verziere;O3;63
13/03/2025;Centro;Verziere;PM10;11
14/03/2025;Nord;via Pascal;C6H6;0.5
14/03/2025;Nord;via Pascal;NO2;46
14/03/2025;Nord;via Pascal;O3;75
14/03/2025;Nord;via Pascal;PM10;15
14/03/2025;Nord;via Pascal;PM25;11
14/03/2025;Nord;via Pascal;SO2;2.5
14/03/2025;Centro;viale Liguria;NO2;52
14/03/2025;Est;viale Marche;C6H6;1.2
14/03/2025;Est;viale Marche;CO_8h;0.7
14/03/2025;Est;viale Marche;NO2;55
14/03/2025;Est;viale Marche;PM10;23
14/03/2025;Est;viale Marche;PM25;
14/03/2025;Sud-Ovest;via Senato;C6H6;1.3
14/03/2025;Sud-Ovest;via Senato;CO_8h;0.25
14/03/2025;Sud-Ovest;via Senato;NO2;45
14/03/2025;Sud-Ovest;via Senato;PM10;18
14/03/2025;Sud-Ovest;via Senato;PM25;15
14/03/2025;Centro;Verziere;NO2;49
14/03/2025;Centro;Verziere;O3;72
14/03/2025;Centro;Verziere;PM10;15
17/03/2025;Nord;via Pascal;C6H6;0.5
17/03/2025;Nord;via Pascal;NO2;26
17/03/2025;Nord;via Pascal;O3;76
17/03/2025;Nord;via Pascal;PM10;11
17/03/2025;Nord;via Pascal;PM25;5
17/03/2025;Nord;via Pascal;SO2;2.5
17/03/2025;Centro;viale Liguria;NO2;47
17/03/2025;Est;viale Marche;C6H6;0.5
17/03/2025;Est;viale Marche;CO_8h;0.7
17/03/2025;Est;viale Marche;NO2;41
17/03/2025;Est;viale Marche;PM10;9
17/03/2025;Est;viale Marche;PM25;6
17/03/2025;Sud-Ovest;via Senato;C6H6;0.5
17/03/2025;Sud-Ovest;via Senato;CO_8h;0.25
17/03/2025;Sud-Ovest;via Senato;NO2;26
17/03/2025;Sud-Ovest;via Senato;PM10;13
17/03/2025;Sud-Ovest;via Senato;PM25;6
17/03/2025;Centro;Verziere;NO2;28
17/03/2025;Centro;Verziere;O3;71
17/03/2025;Centro;Verziere;PM10;8
18/03/2025;Nord;via Pascal;C6H6;0.5
18/03/2025;Nord;via Pascal;NO2;50
18/03/2025;Nord;via Pascal;O3;80
18/03/2025;Nord;via Pascal;PM10;15
18/03/2025;Nord;via Pascal;PM25;9
18/03/2025;Nord;via Pascal;SO2;5
18/03/2025;Centro;viale Liguria;NO2;47
18/03/2025;Est;viale Marche;C6H6;1.1
18/03/2025;Est;viale Marche;CO_8h;0.7
18/03/2025;Est;viale Marche;NO2;64
18/03/2025;Est;viale Marche;PM10;23
18/03/2025;Est;viale Marche;PM25;8
18/03/2025;Sud-Ovest;via Senato;C6H6;1.1
18/03/2025;Sud-Ovest;via Senato;CO_8h;0.25
18/03/2025;Sud-Ovest;via Senato;NO2;37
18/03/2025;Sud-Ovest;via Senato;PM10;19
18/03/2025;Sud-Ovest;via Senato;PM25;12
18/03/2025;Centro;Verziere;NO2;48
18/03/2025;Centro;Verziere;O3;83
18/03/2025;Centro;Verziere;PM10;15
19/03/2025;Nord;via Pascal;C6H6;0.5
19/03/2025;Nord;via Pascal;NO2;41
19/03/2025;Nord;via Pascal;O3;71
19/03/2025;Nord;via Pascal;PM10;12
19/03/2025;Nord;via Pascal;PM25;6
19/03/2025;Nord;via Pascal;SO2;2.5
19/03/2025;Centro;viale Liguria;NO2;49
19/03/2025;Est;viale Marche;C6H6;1.2
19/03/2025;Est;viale Marche;CO_8h;0.8
19/03/2025;Est;viale Marche;NO2;60
19/03/2025;Est;viale Marche;PM10;21
19/03/2025;Est;viale Marche;PM25;7
19/03/2025;Sud-Ovest;via Senato;C6H6;0.5
19/03/2025;Sud-Ovest;via Senato;CO_8h;0.25
19/03/2025;Sud-Ovest;via Senato;NO2;25
19/03/2025;Sud-Ovest;via Senato;PM10;14
19/03/2025;Sud-Ovest;via Senato;PM25;8
19/03/2025;Centro;Verziere;NO2;33
19/03/2025;Centro;Verziere;O3;73
19/03/2025;Centro;Verziere;PM10;11
20/03/2025;Nord;via Pascal;C6H6;1.3
20/03/2025;Nord;via Pascal;NO2;97
20/03/2025;Nord;via Pascal;O3;70
20/03/2025;Nord;via Pascal;PM10;29
20/03/2025;Nord;via Pascal;PM25;16
20/03/2025;Nord;via Pascal;SO2;5
20/03/2025;Centro;viale Liguria;NO2;83
20/03/2025;Est;viale Marche;C6H6;1.6
20/03/2025;Est;viale Marche;CO_8h;0.9
20/03/2025;Est;viale Marche;NO2;80
20/03/2025;Est;viale Marche;PM10;41
20/03/2025;Est;viale Marche;PM25;19
20/03/2025;Sud-Ovest;via Senato;C6H6;1.3
20/03/2025;Sud-Ovest;via Senato;CO_8h;0.5
20/03/2025;Sud-Ovest;via Senato;NO2;55
20/03/2025;Sud-Ovest;via Senato;PM10;25
20/03/2025;Sud-Ovest;via Senato;PM25;16
20/03/2025;Centro;Verziere;NO2;68
20/03/2025;Centro;Verziere;O3;77
20/03/2025;Centro;Verziere;PM10;25
21/03/2025;Nord;via Pascal;C6H6;1.3
21/03/2025;Nord;via Pascal;NO2;108
21/03/2025;Nord;via Pascal;O3;84
21/03/2025;Nord;via Pascal;PM10;38
21/03/2025;Nord;via Pascal;PM25;24
21/03/2025;Nord;via Pascal;SO2;8
21/03/2025;Centro;viale Liguria;NO2;87
21/03/2025;Est;viale Marche;C6H6;2.1
21/03/2025;Est;viale Marche;CO_8h;1.2
21/03/2025;Est;viale Marche;NO2;91
21/03/2025;Est;viale Marche;PM10;56
21/03/2025;Est;viale Marche;PM25;28
21/03/2025;Sud-Ovest;via Senato;C6H6;2
21/03/2025;Sud-Ovest;via Senato;CO_8h;0.5
21/03/2025;Sud-Ovest;via Senato;NO2;80
21/03/2025;Sud-Ovest;via Senato;PM10;44
21/03/2025;Sud-Ovest;via Senato;PM25;27
21/03/2025;Centro;Verziere;NO2;69
21/03/2025;Centro;Verziere;O3;81
21/03/2025;Centro;Verziere;PM10;37
24/03/2025;Nord;via Pascal;C6H6;0.5
24/03/2025;Nord;via Pascal;NO2;46
24/03/2025;Nord;via Pascal;O3;73
24/03/2025;Nord;via Pascal;PM10;12
24/03/2025;Nord;via Pascal;PM25;10
24/03/2025;Nord;via Pascal;SO2;2.5
24/03/2025;Centro;viale Liguria;NO2;58
24/03/2025;Est;viale Marche;C6H6;1
24/03/2025;Est;viale Marche;CO_8h;0.9
24/03/2025;Est;viale Marche;NO2;49
24/03/2025;Est;viale Marche;PM10;12
24/03/2025;Est;viale Marche;PM25;11
24/03/2025;Sud-Ovest;via Senato;C6H6;0.5
24/03/2025;Sud-Ovest;via Senato;CO_8h;0.25
24/03/2025;Sud-Ovest;via Senato;NO2;41
24/03/2025;Sud-Ovest;via Senato;PM10;11
24/03/2025;Sud-Ovest;via Senato;PM25;10
24/03/2025;Centro;Verziere;NO2;49
24/03/2025;Centro;Verziere;O3;72
24/03/2025;Centro;Verziere;PM10;6
25/03/2025;Nord;via Pascal;C6H6;1.2
25/03/2025;Nord;via Pascal;NO2;52
25/03/2025;Nord;via Pascal;O3;76
25/03/2025;Nord;via Pascal;PM10;17
25/03/2025;Nord;via Pascal;PM25;12
25/03/2025;Nord;via Pascal;SO2;2.5
25/03/2025;Centro;viale Liguria;NO2;60
25/03/2025;Est;viale Marche;C6H6;1.3
25/03/2025;Est;viale Marche;CO_8h;1.1
25/03/2025;Est;viale Marche;NO2;65
25/03/2025;Est;viale Marche;PM10;20
25/03/2025;Est;viale Marche;PM25;12
25/03/2025;Sud-Ovest;via Senato;C6H6;1.4
25/03/2025;Sud-Ovest;via Senato;CO_8h;0.7
25/03/2025;Sud-Ovest;via Senato;NO2;48
25/03/2025;Sud-Ovest;via Senato;PM10;17
25/03/2025;Sud-Ovest;via Senato;PM25;12
25/03/2025;Centro;Verziere;NO2;57
25/03/2025;Centro;Verziere;O3;77
25/03/2025;Centro;Verziere;PM10;12
26/03/2025;Nord;via Pascal;C6H6;1.3
26/03/2025;Nord;via Pascal;NO2;62
26/03/2025;Nord;via Pascal;O3;88
26/03/2025;Nord;via Pascal;PM10;26
26/03/2025;Nord;via Pascal;PM25;18
26/03/2025;Nord;via Pascal;SO2;2.5
26/03/2025;Centro;viale Liguria;NO2;61
26/03/2025;Est;viale Marche;C6H6;2
26/03/2025;Est;viale Marche;CO_8h;1.2
26/03/2025;Est;viale Marche;NO2;62
26/03/2025;Est;viale Marche;PM10;36
26/03/2025;Est;viale Marche;PM25;20
26/03/2025;Sud-Ovest;via Senato;C6H6;2
26/03/2025;Sud-Ovest;via Senato;CO_8h;0.8
26/03/2025;Sud-Ovest;via Senato;NO2;64
26/03/2025;Sud-Ovest;via Senato;PM10;27
26/03/2025;Sud-Ovest;via Senato;PM25;22
26/03/2025;Centro;Verziere;NO2;62
26/03/2025;Centro;Verziere;O3;93
26/03/2025;Centro;Verziere;PM10;24
27/03/2025;Nord;via Pascal;C6H6;0.5
27/03/2025;Nord;via Pascal;NO2;58
27/03/2025;Nord;via Pascal;O3;90
27/03/2025;Nord;via Pascal;PM10;20
27/03/2025;Nord;via Pascal;PM25;13
27/03/2025;Nord;via Pascal;SO2;2.5
27/03/2025;Centro;viale Liguria;NO2;70
27/03/2025;Est;viale Marche;C6H6;1.6
27/03/2025;Est;viale Marche;CO_8h;0
27/03/2025;Est;viale Marche;NO2;71
27/03/2025;Est;viale Marche;PM10;29
27/03/2025;Est;viale Marche;PM25;18
27/03/2025;Sud-Ovest;via Senato;C6H6;1.2
27/03/2025;Sud-Ovest;via Senato;CO_8h;0.7
27/03/2025;Sud-Ovest;via Senato;NO2;54
27/03/2025;Sud-Ovest;via Senato;PM10;22
27/03/2025;Sud-Ovest;via Senato;PM25;16
27/03/2025;Centro;Verziere;NO2;54
27/03/2025;Centro;Verziere;O3;102
27/03/2025;Centro;Verziere;PM10;20
28/03/2025;Nord;via Pascal;C6H6;1
28/03/2025;Nord;via Pascal;NO2;74
28/03/2025;Nord;via Pascal;O3;86
28/03/2025;Nord;via Pascal;PM10;21
28/03/2025;Nord;via Pascal;PM25;13
28/03/2025;Nord;via Pascal;SO2;2.5
28/03/2025;Centro;viale Liguria;NO2;65
28/03/2025;Est;viale Marche;C6H6;1.6
28/03/2025;Est;viale Marche;CO_8h;0
28/03/2025;Est;viale Marche;NO2;74
28/03/2025;Est;viale Marche;PM10;27
28/03/2025;Est;viale Marche;PM25;16
28/03/2025;Sud-Ovest;via Senato;C6H6;1.7
28/03/2025;Sud-Ovest;via Senato;CO_8h;0
28/03/2025;Sud-Ovest;via Senato;NO2;65
28/03/2025;Sud-Ovest;via Senato;PM10;22
28/03/2025;Sud-Ovest;via Senato;PM25;15
28/03/2025;Centro;Verziere;NO2;65
28/03/2025;Centro;Verziere;O3;88
28/03/2025;Centro;Verziere;PM10;17
31/03/2025;Nord;via Pascal;C6H6;1
31/03/2025;Nord;via Pascal;NO2;90
31/03/2025;Nord;via Pascal;O3;88
31/03/2025;Nord;via Pascal;PM10;13
31/03/2025;Nord;via Pascal;PM25;7
31/03/2025;Nord;via Pascal;SO2;5
31/03/2025;Centro;viale Liguria;NO2;84
31/03/2025;Est;viale Marche;C6H6;1.3
31/03/2025;Est;viale Marche;CO_8h;0
31/03/2025;Est;viale Marche;NO2;81
31/03/2025;Est;viale Marche;PM10;14
31/03/2025;Est;viale Marche;PM25;6
31/03/2025;Sud-Ovest;via Senato;C6H6;1.2
31/03/2025;Sud-Ovest;via Senato;CO_8h;0.7
31/03/2025;Sud-Ovest;via Senato;NO2;68
31/03/2025;Sud-Ovest;via Senato;PM10;14
31/03/2025;Sud-Ovest;via Senato;PM25;9
31/03/2025;Centro;Verziere;NO2;70
31/03/2025;Centro;Verziere;O3;86
31/03/2025;Centro;Verziere;PM10;0
